<?xml version="1.0" encoding="UTF-8"?>
<!DOCTYPE mapper PUBLIC "-//mybatis.org//DTD Mapper 3.0//EN" "http://mybatis.org/dtd/mybatis-3-mapper.dtd">
<mapper namespace="cn.edu.cdtu.drive.dao.FileUserMapper">
  <resultMap id="BaseResultMap" type="cn.edu.cdtu.drive.pojo.FileUser">
    <id column="id" jdbcType="CHAR" property="id" />
    <result column="u_id" jdbcType="VARCHAR" property="uId" />
    <result column="f_id" jdbcType="CHAR" property="fId" />
    <result column="f_name" jdbcType="VARCHAR" property="fName" />
    <result column="f_path" jdbcType="VARCHAR" property="fPath" />
    <result column="is_folder" jdbcType="INTEGER" property="isFolder" />
    <result column="f_type" jdbcType="VARCHAR" property="fType" />
    <result column="f_pid" jdbcType="CHAR" property="fPid" />
    <result column="f_size" jdbcType="BIGINT" property="fSize" />
    <result column="last_update_date" jdbcType="TIMESTAMP" property="lastUpdateDate" />
    <result column="is_delete" jdbcType="INTEGER" property="isDelete" />
    <result column="share_id" jdbcType="CHAR" property="shareId"/>
    <result column="g_id" jdbcType="CHAR" property="gId"/>
  </resultMap>

  <resultMap id="WithSubItem" type="cn.edu.cdtu.drive.pojo.FileUser">
    <id column="id" jdbcType="CHAR" property="id" />
    <result column="u_id" jdbcType="VARCHAR" property="uId" />
    <result column="f_id" jdbcType="CHAR" property="fId" />
    <result column="f_name" jdbcType="VARCHAR" property="fName" />
    <result column="f_path" jdbcType="VARCHAR" property="fPath" />
    <result column="is_folder" jdbcType="INTEGER" property="isFolder" />
    <result column="f_type" jdbcType="VARCHAR" property="fType" />
    <result column="f_pid" jdbcType="CHAR" property="fPid" />
    <result column="f_size" jdbcType="BIGINT" property="fSize" />
    <result column="last_update_date" jdbcType="TIMESTAMP" property="lastUpdateDate" />
    <result column="is_delete" jdbcType="INTEGER" property="isDelete" />
    <result column="share_id" jdbcType="CHAR" property="shareId"/>
    <result column="g_id" jdbcType="CHAR" property="gId"/>
    <association property="list" select="cn.edu.cdtu.drive.dao.FileUserMapper.selectFilesByPId" column="id"/>
  </resultMap>
  <delete id="deleteByPrimaryKey" parameterType="java.lang.String">
    delete from file_user
    where id = #{id,jdbcType=CHAR}
  </delete>
  <insert id="insert" parameterType="cn.edu.cdtu.drive.pojo.FileUser">
    insert into file_user (id, u_id, f_id, f_name, f_path,  is_folder,
      f_type, f_pid, f_size, last_update_date,
      is_delete,share_id, g_id)
    values (#{id,jdbcType=CHAR}, #{uId,jdbcType=VARCHAR},
    #{fId,jdbcType=CHAR}, #{fName,jdbcType=VARCHAR}, #{fPath,jdbcType=VARCHAR},
      #{isFolder,jdbcType=INTEGER},
      #{fType,jdbcType=VARCHAR}, #{fPid,jdbcType=CHAR},
      #{fSize,jdbcType=BIGINT}, #{lastUpdateDate,jdbcType=TIMESTAMP},
      #{isDelete,jdbcType=INTEGER}, #{shareId,jdbcType=CHAR}, #{gId,jdbcType=CHAR})
  </insert>
  <update id="updateByPrimaryKey" parameterType="cn.edu.cdtu.drive.pojo.FileUser">
    update file_user
    set u_id = #{uId,jdbcType=VARCHAR},
      f_id = #{fId,jdbcType=CHAR},
      f_name = #{fName,jdbcType=VARCHAR},
      f_path = #{fPath, jdbcType=VARCHAR},
      is_folder = #{isFolder,jdbcType=INTEGER},
      f_type = #{fType,jdbcType=VARCHAR},
      f_pid = #{fPid,jdbcType=CHAR},
      f_size = #{fSize,jdbcType=BIGINT},
      last_update_date = #{lastUpdateDate,jdbcType=TIMESTAMP},
      is_delete = #{isDelete,jdbcType=INTEGER}
    where id = #{id,jdbcType=CHAR}
  </update>
  <select id="selectByPrimaryKey" parameterType="java.lang.String" resultMap="BaseResultMap">
    select id, u_id, f_id, f_name, f_path,is_folder, f_type,
    f_pid, f_size,last_update_date, is_delete, share_id, g_id
    from file_user
    where id = #{id,jdbcType=CHAR}
  </select>
  <select id="selectAll" resultMap="BaseResultMap">
    select id, u_id, f_id, f_name, f_path, f_type, f_pid, last_update_date, is_delete, share_id, g_id
    from file_user AND is_delete = 0
  </select>

  <select id="checkPermission" resultMap="BaseResultMap">
    SELECT * FROM file_user WHERE is_delete = 0 AND u_id = #{uId} AND id = #{fId}
  </select>

  <!-- 根据文件路径查询 -->
  <select id="selectFileByPath" resultMap="WithSubItem">
    SELECT * FROM file_user where f_path = #{path}
    <if test="gId == null">
      AND u_id = #{uId} AND g_id IS NULL
    </if>
    <if test="gId != null">
      AND g_id = #{gId}
    </if>
  </select>

  <select id="selectFileByName" resultMap="BaseResultMap">
    SELECT * FROM file_user where f_name = #{name}
    <if test="gId == null">
      AND u_id = #{uId} AND g_id IS NULL
    </if>
    <if test="gId != null">
      AND g_id = #{gId}
    </if>
  </select>

  <select id="selectFilesByPId" resultMap="BaseResultMap">
    SELECT * FROM file_user where f_pid = #{id}
  </select>

  <update id="updateDate">
    UPDATE file_user SET last_update_date = #{lastUpdateDate,jdbcType=TIMESTAMP} WHERE id = #{id,jdbcType=CHAR}
  </update>

  <select id="selectAllFolder" parameterType="java.lang.String" resultMap="BaseResultMap">
    SELECT * FROM file_user WHERE is_folder = 1
    <if test="gId == null">
      AND u_id = #{uId} AND g_id IS NULL
    </if>
    <if test="gId != null">
      AND g_id = #{gId}
    </if>
  </select>

  <select id="selectAllRecycledFile" resultMap="BaseResultMap">
    SELECT * FROM file_user WHERE is_delete = 1
    <if test="gId == null">
      AND u_id = #{uId} AND g_id IS NULL
    </if>
    <if test="gId != null">
      AND g_id = #{gId}
    </if>
  </select>

  <update id="handleRecycle">
    UPDATE file_user SET is_delete = #{flag} WHERE id = #{id}
  </update>

  <delete id="deleteByBatch">
    DELETE from file_user WHERE id IN
    <foreach collection="ids" item="id" open="(" close=")" separator=",">
      #{id}
    </foreach>
  </delete>

  <insert id="insertByBatch">
    INSERT INTO file_user (id, u_id, f_id, f_name, f_path,  is_folder,
      f_type, f_pid, f_size, last_update_date,
      is_delete,share_id, g_id)
    VALUES
    <foreach collection="list" item="f" separator=",">
      (#{f.id,jdbcType=CHAR}, #{f.uId,jdbcType=VARCHAR},
      #{f.fId,jdbcType=CHAR}, #{f.fName,jdbcType=VARCHAR}, #{f.fPath,jdbcType=VARCHAR},
      #{f.isFolder,jdbcType=INTEGER},
      #{f.fType,jdbcType=VARCHAR}, #{f.fPid,jdbcType=CHAR},
      #{f.fSize,jdbcType=BIGINT}, #{f.lastUpdateDate,jdbcType=TIMESTAMP},
      #{f.isDelete,jdbcType=INTEGER}, #{f.shareId,jdbcType=CHAR}, #{f.gId,jdbcType=CHAR})
    </foreach>
  </insert>

  <select id="selectFileByPathForShare" resultMap="WithSubItem">
    SELECT * FROM file_user WHERE share_id = #{shareId} AND f_path = #{path}
  </select>

  <select id="selectByType" resultMap="BaseResultMap">
    SELECT * FROM file_user WHERE u_id = #{uId} and g_id IS NULL AND f_type = #{type} AND is_folder = 0
  </select>
</mapper>
