<?xml version="1.0" encoding="UTF-8"?>
<!DOCTYPE mapper PUBLIC "-//mybatis.org//DTD Mapper 3.0//EN" "http://mybatis.org/dtd/mybatis-3-mapper.dtd">
<mapper namespace="cn.edu.cdtu.drive.dao.PermissionMapper">
  <resultMap id="BaseResultMap" type="cn.edu.cdtu.drive.pojo.Permission">
    <id column="id" jdbcType="INTEGER" property="id" />
    <result column="title" jdbcType="VARCHAR" property="title" />
    <result column="remark" jdbcType="VARCHAR" property="remark" />
    <result column="menu_id" jdbcType="INTEGER" property="menuId" />
  </resultMap>
  <select id="selectByPrimaryKey" parameterType="java.lang.Integer" resultMap="BaseResultMap">
    select id, title, remark, menu_id
    from permission
    where id = #{id,jdbcType=INTEGER}
  </select>
  <select id="selectAll" resultMap="BaseResultMap">
    select id, title, remark, menu_id
    from permission
  </select>

  <select id="selectPermissionByRole" parameterType="java.lang.Integer" resultMap="BaseResultMap">
    select * from permission as p, role_perm as rp WHERE p.id = rp.p_id AND rp.r_id = #{roleId}
  </select>
</mapper>